1,1,0,0,0,1,1173112294.204
102,131,0,0,0,1,1173112294.204
1,1,0,0,0,1,1173112296.507
98,215,0,0,0,1,1173112296.517
1,1,0,0,0,1,1173112296.847
95,129,0,0,0,1,1173112296.847
0,0,1,0,0,1,1173112297.769
0,0,105,0,0,1,1173112297.769
0,1,0,0,0,1,1173112298.380
0,156,0,0,0,1,1173112298.380
0,1,0,0,0,1,1173112298.980
0,233,0,0,0,1,1173112298.980
1,1,0,0,0,1,1173112299.321
98,154,0,0,0,1,1173112299.321
1,1,0,0,0,1,1173112319.79
90,219,0,0,0,1,1173112319.79
1,1,0,0,0,1,1173112319.410
103,116,0,0,0,1,1173112319.410
1,1,0,0,0,1,1173112424.160
88,143,0,0,0,1,1173112424.170
1,1,0,0,0,1,1173112424.481
102,165,0,0,0,1,1173112424.481
0,0,1,0,0,1,1173112425.402
0,0,72,0,0,1,1173112425.402
0,0,1,0,0,1,1173112427.876
0,0,74,0,0,1,1173112427.876
0,0,1,0,0,1,1173112428.76
0,0,93,0,0,1,1173112428.76
0,0,1,0,0,1,1173112428.286
0,0,129,0,0,1,1173112428.296
1,0,1,0,0,1,1173112473.301
131,0,129,0,0,1,1173112473.301
1,0,1,0,0,1,1173112473.501
130,0,129,0,0,1,1173112473.501
1,0,1,0,0,1,1173112473.712
131,0,129,0,0,1,1173112473.712
1,0,1,0,0,1,1173112473.912
133,0,128,0,0,1,1173112473.912
1,0,1,0,0,1,1173112474.142
130,0,129,0,0,1,1173112474.142
1,1,0,0,0,1,1173112477.177
88,143,0,0,0,1,1173112477.187
1,1,0,0,0,1,1173112477.437
102,165,0,0,0,1,1173112477.437
0,0,1,0,0,1,1173112478.378
0,0,72,0,0,1,1173112478.378
0,0,1,0,0,1,1173112480.51
0,0,74,0,0,1,1173112480.61
0,0,1,0,0,1,1173112480.261
0,0,93,0,0,1,1173112480.261
1,0,1,0,0,1,1173112480.491
131,0,128,0,0,1,1173112480.491
1,0,1,0,0,1,1173112480.712
133,0,129,0,0,1,1173112480.712
1,1,0,0,0,1,1173112482.494
88,143,0,0,0,1,1173112482.494
1,1,0,0,0,1,1173112482.735
102,165,0,0,0,1,1173112482.735
0,0,1,0,0,1,1173112483.686
0,0,72,0,0,1,1173112483.686
1,1,0,1,1,1,1173115902.883
88,87,0,86,108,1,1173115902.893
1,1,0,1,1,1,1173115903.83
98,84,0,75,84,1,1173115903.93
1,1,0,1,1,1,1173115903.283
91,76,0,61,106,1,1173115903.303
1,1,0,1,1,1,1173115903.503
80,88,0,77,104,1,1173115903.514
1,1,0,1,1,1,1173115903.704
64,78,0,67,111,1,1173115903.714
1,1,0,1,1,1,1173115903.924
83,102,0,81,119,1,1173115903.924
1,1,0,1,1,1,1173115904.124
83,86,0,61,98,1,1173115904.124
1,1,0,1,1,1,1173115904.325
69,96,0,56,105,1,1173115904.325
1,1,0,1,1,1,1173115904.555
75,106,0,102,107,1,1173115904.565
1,1,0,1,1,1,1173115904.775
78,100,0,80,116,1,1173115904.775
1,1,0,1,1,1,1173115904.976
81,78,0,69,99,1,1173115904.976
1,1,0,0,0,1,1173115905.687
95,198,0,0,0,1,1173115905.687
1,1,0,0,0,1,1173115905.887
86,94,0,0,0,1,1173115905.887
1,1,0,0,0,1,1173115906.818
107,152,0,0,0,1,1173115906.818
1,1,0,0,0,1,1173115907.79
72,155,0,0,0,1,1173115907.89
1,0,0,0,0,1,1173115907.569
99,0,0,0,0,1,1173115907.569
0,1,0,0,0,1,1173115908.0
0,215,0,0,0,1,1173115908.0
0,1,0,0,0,1,1173115908.330
0,117,0,0,0,1,1173115908.330
0,1,1,0,0,1,1173115909.232
0,190,64,0,0,1,1173115909.232
1,1,0,0,0,1,1173115909.833
90,218,0,0,0,1,1173115909.833
1,1,0,0,0,1,1173115910.163
102,131,0,0,0,1,1173115910.173
1,1,0,0,0,1,1173115912.346
98,215,0,0,0,1,1173115912.356
0,1,1,0,0,1,1173115927.398
0,190,64,0,0,1,1173115927.408
1,1,0,0,0,1,1173115928.9
90,218,0,0,0,1,1173115928.9
1,1,0,0,0,1,1173115928.339
102,131,0,0,0,1,1173115928.349
1,1,0,0,0,1,1173115937.22
98,215,0,0,0,1,1173115937.32
1,1,0,0,0,1,1173115939.45
87,100,0,0,0,1,1173115939.55
0,1,0,0,0,1,1173115939.756
0,34,0,0,0,1,1173115939.766
1,1,0,0,0,1,1173115945.284
95,129,0,0,0,1,1173115945.284
1,1,0,1,1,1,1173116091.874
88,87,0,86,108,1,1173116091.874
1,1,0,1,1,1,1173116092.75
98,84,0,75,84,1,1173116092.75
1,1,0,1,1,1,1173116092.275
91,76,0,61,106,1,1173116092.275
1,1,0,1,1,1,1173116092.515
80,88,0,77,104,1,1173116092.515
1,1,0,1,1,1,1173116092.716
64,78,0,67,111,1,1173116092.716
1,1,0,1,1,1,1173116092.946
88,80,0,72,104,1,1173116092.946
1,1,0,1,1,1,1173116093.176
78,94,0,88,117,1,1173116093.186
1,1,0,1,1,1,1173116093.377
83,101,0,82,112,1,1173116093.387
1,1,0,1,1,1,1173116093.617
84,79,0,50,93,1,1173116093.617
1,1,0,1,1,1,1173116093.817
64,79,0,63,103,1,1173116093.827
1,1,0,1,1,1,1173116094.17
79,73,0,86,75,1,1173116094.17
1,1,0,1,1,1,1173116132.162
88,87,0,88,107,1,1173116132.172
1,1,0,1,1,1,1173116132.383
100,83,0,77,85,1,1173116132.393
1,1,0,1,1,1,1173116132.583
91,77,0,60,106,1,1173116132.593
1,1,0,1,1,1,1173116132.803
79,88,0,76,104,1,1173116132.803
1,1,0,1,1,1,1173116133.3
62,77,0,68,111,1,1173116133.14
1,1,0,1,1,1,1173116133.204
81,102,0,81,117,1,1173116133.204
0,1,1,0,0,1,1173116133.414
0,99,72,0,0,1,1173116133.424
0,1,1,0,0,1,1173116133.875
0,126,49,0,0,1,1173116133.875
1,1,0,0,0,1,1173116134.806
89,141,0,0,0,1,1173116134.816
1,1,0,0,0,1,1173116135.107
102,165,0,0,0,1,1173116135.117
1,1,0,1,1,1,1173116219.67
88,86,0,90,105,1,1173116219.77
1,1,0,1,1,1,1173116219.278
101,84,0,75,85,1,1173116219.278
1,1,0,1,1,1,1173116219.478
91,77,0,56,106,1,1173116219.478
1,1,0,1,1,1,1173116219.678
78,84,0,94,110,1,1173116219.678
1,1,0,1,1,1,1173116219.878
72,82,0,67,96,1,1173116219.888
1,1,0,1,1,1,1173116220.79
75,79,0,50,101,1,1173116220.89
1,1,0,1,1,1,1173116220.279
85,70,0,64,87,1,1173116220.289
1,1,0,1,1,1,1173116220.489
70,64,0,58,100,1,1173116220.489
1,1,0,1,1,1,1173116220.700
74,105,0,105,103,1,1173116220.710
1,1,0,1,1,1,1173116220.910
85,89,0,55,105,1,1173116220.910
1,1,0,1,1,1,1173116221.140
80,59,0,74,67,1,1173116221.140
1,1,0,1,1,1,1173116221.341
87,76,0,99,70,1,1173116221.341
1,1,0,0,0,1,1173116236.733
96,167,0,0,0,1,1173116236.733
1,1,0,0,0,1,1173116237.63
94,106,0,0,0,1,1173116237.63
1,0,0,0,0,1,1173116237.524
69,0,0,0,0,1,1173116237.524
0,1,0,0,0,1,1173116237.994
0,117,0,0,0,1,1173116237.994
0,1,0,0,0,1,1173116238.295
0,145,0,0,0,1,1173116238.305
0,1,1,0,0,1,1173116239.196
0,145,60,0,0,1,1173116239.206
0,1,1,0,0,1,1173116239.497
0,116,52,0,0,1,1173116239.507
1,0,0,0,0,1,1173116239.967
89,0,0,0,0,1,1173116239.967
1,1,0,0,0,1,1173116240.398
86,192,0,0,0,1,1173116240.408
1,1,0,0,0,1,1173116240.698
95,195,0,0,0,1,1173116240.708
1,1,0,0,0,1,1173116241.640
106,151,0,0,0,1,1173116241.640
1,1,0,0,0,1,1173116241.940
72,148,0,0,0,1,1173116241.940
1,0,0,0,0,1,1173116242.411
99,0,0,0,0,1,1173116242.411
0,1,0,0,0,1,1173116242.871
0,79,0,0,0,1,1173116242.881
0,1,0,0,0,1,1173116243.172
0,121,0,0,0,1,1173116243.182
0,1,1,0,0,1,1173116244.63
0,191,66,0,0,1,1173116244.63
1,1,0,0,0,1,1173116244.704
88,140,0,0,0,1,1173116244.714
1,1,0,0,0,1,1173116245.5
102,134,0,0,0,1,1173116245.15
1,1,0,0,0,1,1173116247.208
86,101,0,0,0,1,1173116247.208
1,1,0,0,0,1,1173116247.508
95,127,0,0,0,1,1173116247.508
1,0,0,0,0,1,1173116249.201
82,0,0,0,0,1,1173116249.201
1,1,0,0,0,1,1173116249.681
81,121,0,0,0,1,1173116249.681
1,1,0,0,0,1,1173116249.972
100,153,0,0,0,1,1173116249.982
1,1,0,0,0,1,1173116252.165
88,113,0,0,0,1,1173116252.175
1,1,0,0,0,1,1173116252.485
103,117,0,0,0,1,1173116252.485
0,0,1,0,0,1,1173116253.417
0,0,65,0,0,1,1173116253.427
0,1,0,0,0,1,1173116254.58
0,132,0,0,0,1,1173116254.68
1,1,0,0,0,1,1173116254.678
90,106,0,0,0,1,1173116254.678
1,1,0,0,0,1,1173116254.979
94,157,0,0,0,1,1173116254.989
0,1,1,0,0,1,1173116257.192
0,74,46,0,0,1,1173116257.192
0,1,1,0,0,1,1173116257.482
0,138,74,0,0,1,1173116257.482
0,0,1,0,0,1,1173116258.414
0,0,83,0,0,1,1173116258.414
0,1,0,0,0,1,1173116259.55
0,150,0,0,0,1,1173116259.55
0,1,0,0,0,1,1173116259.676
0,88,0,0,0,1,1173116259.676
0,1,0,0,0,1,1173116259.976
0,122,0,0,0,1,1173116259.976
0,1,1,0,0,1,1173116260.927
0,151,91,0,0,1,1173116260.927
0,1,1,0,0,1,1173116261.208
0,123,48,0,0,1,1173116261.218
0,0,1,0,0,1,1173116261.989
0,0,12,0,0,1,1173116261.999
0,0,0,1,0,1,1173116262.219
0,0,0,15,0,1,1173116262.229
1,1,0,0,0,1,1173116262.460
104,164,0,0,0,1,1173116262.460
0,0,0,1,0,1,1173116262.660
0,0,0,13,0,1,1173116262.660
0,0,1,0,0,1,1173116263.381
0,0,69,0,0,1,1173116263.381
0,0,1,0,0,1,1173116263.651
0,0,44,0,0,1,1173116263.661
0,0,0,1,0,1,1173116263.862
0,0,0,14,0,1,1173116263.862
1,0,1,0,0,1,1173116264.62
99,0,78,0,0,1,1173116264.72
0,0,1,0,0,1,1173116264.292
0,0,118,0,0,1,1173116264.292
1,0,1,0,0,1,1173116264.493
131,0,129,0,0,1,1173116264.493
1,0,1,0,0,1,1173116264.693
133,0,129,0,0,1,1173116264.693
1,0,1,0,0,1,1173116264.923
131,0,130,0,0,1,1173116264.933
1,0,1,0,0,1,1173116265.164
132,0,130,0,0,1,1173116265.164
1,0,1,0,0,1,1173116265.364
130,0,128,0,0,1,1173116265.364
1,0,1,1,0,1,1173116265.594
133,0,131,10,0,1,1173116265.594
1,0,1,0,0,1,1173116265.824
132,0,129,0,0,1,1173116265.834
1,0,1,1,0,1,1173116266.25
132,0,134,13,0,1,1173116266.35
1,0,1,0,0,1,1173116266.265
126,0,117,0,0,1,1173116266.265
1,0,1,0,0,1,1173116266.495
111,0,84,0,0,1,1173116266.505
0,0,1,0,0,1,1173116266.696
0,0,60,0,0,1,1173116266.706
0,0,1,0,0,1,1173116266.926
0,0,53,0,0,1,1173116266.936
0,0,1,0,0,1,1173116267.166
0,0,58,0,0,1,1173116267.166
0,0,1,0,0,1,1173116267.437
0,0,72,0,0,1,1173116267.437
0,0,1,1,0,1,1173116267.637
0,0,62,15,0,1,1173116267.637
0,0,1,0,0,1,1173116267.857
0,0,69,0,0,1,1173116267.857
0,0,1,0,0,1,1173116268.58
0,0,70,0,0,1,1173116268.68
0,0,1,0,0,1,1173116268.288
0,0,50,0,0,1,1173116268.298
1,0,1,0,0,1,1173116268.528
109,0,71,0,0,1,1173116268.528
0,0,1,0,0,1,1173116268.729
0,0,50,0,0,1,1173116268.739
0,0,1,0,0,1,1173116268.949
0,0,62,0,0,1,1173116268.949
0,0,1,0,0,1,1173116269.149
0,0,76,0,0,1,1173116269.149
0,0,1,1,0,1,1173116269.350
0,0,71,13,0,1,1173116269.360
0,0,1,0,0,1,1173116269.560
0,0,54,0,0,1,1173116269.580
0,0,1,0,0,1,1173116269.760
0,0,90,0,0,1,1173116269.760
0,0,0,1,0,1,1173116270.501
0,0,0,15,0,1,1173116270.501
0,0,0,1,0,1,1173116271.2
0,0,0,13,0,1,1173116271.2
0,0,0,1,0,1,1173116272.194
0,0,0,15,0,1,1173116272.204
0,0,0,1,0,1,1173116272.664
0,0,0,14,0,1,1173116272.664
0,1,1,0,0,1,1173116273.666
0,200,51,0,0,1,1173116273.676
0,0,0,1,0,1,1173116273.866
0,0,0,15,0,1,1173116273.876
0,1,1,0,0,1,1173116274.297
0,193,57,0,0,1,1173116274.297
0,1,1,0,0,1,1173116274.637
0,157,50,0,0,1,1173116274.637
0,1,1,0,0,1,1173116274.938
0,207,46,0,0,1,1173116274.938
0,1,1,0,0,1,1173116275.268
0,157,51,0,0,1,1173116275.278
0,0,1,0,0,1,1173116275.568
0,0,54,0,0,1,1173116275.579
0,1,1,0,0,1,1173116275.909
0,138,67,0,0,1,1173116275.909
1,1,0,0,0,1,1173116276.239
98,102,0,0,0,1,1173116276.239
1,1,0,0,0,1,1173116276.540
71,137,0,0,0,1,1173116276.540
1,1,0,0,0,1,1173116277.511
84,105,0,0,0,1,1173116277.511
1,1,0,0,0,1,1173116277.812
61,122,0,0,0,1,1173116277.812
1,0,0,0,0,1,1173116278.272
91,0,0,0,0,1,1173116278.272
0,1,0,0,0,1,1173116278.763
0,109,0,0,0,1,1173116278.773
0,1,0,0,0,1,1173116279.74
0,151,0,0,0,1,1173116279.84
0,1,1,0,0,1,1173116280.5
0,141,72,0,0,1,1173116280.15
0,1,1,0,0,1,1173116280.305
0,188,51,0,0,1,1173116280.315
1,1,0,0,0,1,1173116281.277
82,82,0,0,0,1,1173116281.277
1,1,0,0,0,1,1173116281.577
82,147,0,0,0,1,1173116281.577
1,1,0,0,0,1,1173116282.508
102,138,0,0,0,1,1173116282.518
1,1,0,0,0,1,1173116282.809
80,188,0,0,0,1,1173116282.819
1,0,0,0,0,1,1173116283.280
90,0,0,0,0,1,1173116283.280
0,1,0,0,0,1,1173116283.780
0,84,0,0,0,1,1173116283.790
0,1,0,0,0,1,1173116284.81
0,134,0,0,0,1,1173116284.91
1,1,0,0,0,1,1173116287.916
95,195,0,0,0,1,1173116287.916
1,1,0,0,0,1,1173116288.717
89,139,0,0,0,1,1173116288.717
1,1,0,0,0,1,1173116288.998
103,166,0,0,0,1,1173116288.998
0,1,1,0,0,1,1173116290.9
0,157,51,0,0,1,1173116290.9
0,1,1,0,0,1,1173116290.700
0,141,72,0,0,1,1173116290.720
0,1,1,0,0,1,1173116291.291
0,33,45,0,0,1,1173116291.291
0,1,1,0,0,1,1173116291.551
0,188,51,0,0,1,1173116291.561
1,1,0,0,0,1,1173116292.513
82,82,0,0,0,1,1173116292.513
1,1,0,0,0,1,1173116292.813
82,147,0,0,0,1,1173116292.813
1,1,0,0,0,1,1173116293.755
102,138,0,0,0,1,1173116293.765
1,1,0,0,0,1,1173116294.55
80,188,0,0,0,1,1173116294.65
1,0,0,0,0,1,1173116294.526
90,0,0,0,0,1,1173116294.526
0,1,0,0,0,1,1173116295.26
0,84,0,0,0,1,1173116295.26
0,1,0,0,0,1,1173116295.327
0,134,0,0,0,1,1173116295.337
0,1,1,0,0,1,1173116317.288
0,157,51,0,0,1,1173116317.288
0,0,1,0,0,1,1173116317.539
0,0,54,0,0,1,1173116317.539
0,1,1,0,0,1,1173116317.879
0,138,67,0,0,1,1173116317.889
1,1,0,0,0,1,1173116318.210
98,102,0,0,0,1,1173116318.210
1,1,0,0,0,1,1173116318.510
71,137,0,0,0,1,1173116318.510
1,1,0,0,0,1,1173116319.492
84,105,0,0,0,1,1173116319.492
1,1,0,0,0,1,1173116319.762
61,122,0,0,0,1,1173116319.772
1,0,0,0,0,1,1173116320.243
91,0,0,0,0,1,1173116320.243
0,1,0,0,0,1,1173116320.753
0,109,0,0,0,1,1173116320.753
1,1,0,1,1,1,1173120815.116
78,93,0,76,94,1,1173120815.156
1,1,0,1,1,1,1173120815.196
79,94,0,80,91,1,1173120815.196
1,1,0,1,1,1,1173120815.416
78,94,0,81,89,1,1173120815.426
1,1,0,1,1,1,1173120815.617
80,90,0,78,83,1,1173120815.627
1,1,0,1,1,1,1173120815.857
87,91,0,82,92,1,1173120815.857
1,1,0,1,1,1,1173120816.57
87,87,0,77,90,1,1173120816.57
1,1,0,1,1,1,1173120816.258
80,95,0,79,97,1,1173120816.258
1,1,0,1,1,1,1173120816.488
79,97,0,77,89,1,1173120816.488
1,1,0,1,1,1,1173120816.698
78,87,0,78,90,1,1173120816.698
1,1,0,1,1,1,1173120816.929
84,98,0,78,93,1,1173120816.929
1,1,0,1,1,1,1173120817.119
80,68,0,100,95,1,1173120817.119
1,1,0,1,1,1,1173120817.319
83,77,0,88,89,1,1173120817.319
1,1,0,1,1,1,1173120950.481
78,93,0,76,94,1,1173120950.481
1,1,0,1,1,1,1173120950.721
87,93,0,91,79,1,1173120950.721
1,1,0,1,1,1,1173120950.921
87,92,0,78,94,1,1173120950.921
1,1,0,1,1,1,1173120951.142
80,95,0,69,73,1,1173120951.142
1,1,0,1,1,1,1173120951.342
81,91,0,69,91,1,1173120951.342
1,1,0,1,1,1,1173120951.552
84,84,0,74,89,1,1173120951.612
1,1,0,1,1,1,1173120951.763
86,86,0,81,85,1,1173120951.793
1,1,0,1,1,1,1173120952.23
82,91,0,82,94,1,1173120952.23
1,1,0,1,1,1,1173120952.263
79,91,0,78,89,1,1173120952.273
1,1,0,1,1,1,1173120952.484
80,68,0,100,95,1,1173120952.484
1,1,0,1,1,1,1173120952.684
79,68,0,82,80,1,1173120952.694
1,1,0,1,1,1,1173121047.40
78,93,0,76,94,1,1173121047.40
1,1,0,1,1,1,1173121047.260
87,93,0,91,79,1,1173121047.260
1,1,0,1,1,1,1173121047.480
87,92,0,78,94,1,1173121047.480
1,1,0,1,1,1,1173121047.680
89,94,0,72,91,1,1173121047.680
1,1,0,1,1,1,1173121047.881
80,89,0,77,87,1,1173121047.881
1,1,0,1,1,1,1173121048.91
78,95,0,85,99,1,1173121048.91
1,1,0,1,1,1,1173121048.321
79,89,0,72,82,1,1173121048.331
1,1,0,1,1,1,1173121048.522
75,88,0,68,81,1,1173121048.532
1,1,0,1,1,1,1173121048.762
79,91,0,78,89,1,1173121048.762
1,1,0,1,1,1,1173121048.992
79,89,0,71,90,1,1173121049.2
1,1,0,1,1,1,1173121049.193
80,69,0,79,75,1,1173121049.203
1,1,0,1,1,1,1173121086.16
81,99,0,75,104,1,1173121086.26
1,1,0,1,1,1,1173121086.226
88,102,0,88,87,1,1173121086.226
1,1,0,1,1,1,1173121086.446
91,96,0,81,105,1,1173121086.446
1,1,0,1,1,1,1173121086.677
84,99,0,61,75,1,1173121086.677
1,1,0,1,1,1,1173121086.887
84,94,0,61,102,1,1173121086.897
1,1,0,1,1,1,1173121087.127
80,99,0,81,106,1,1173121087.127
1,1,0,1,1,1,1173121087.358
82,105,0,69,101,1,1173121087.358
1,1,0,1,1,1,1173121087.558
82,93,0,72,99,1,1173121087.558
1,1,0,1,1,1,1173121087.788
86,100,0,69,101,1,1173121087.798
1,1,0,1,1,1,1173121088.28
83,79,0,81,70,1,1173121088.38
1,1,0,1,1,1,1173121088.259
77,85,0,93,89,1,1173121088.259
0,1,0,0,0,1,1173121090.672
0,143,0,0,0,1,1173121090.672
0,1,0,0,0,1,1173121091.13
0,110,0,0,0,1,1173121091.23
1,0,0,0,0,1,1173121091.473
72,0,0,0,0,1,1173121091.483
0,1,0,0,0,1,1173121091.944
0,81,0,0,0,1,1173121091.944
0,1,0,0,0,1,1173121092.245
0,111,0,0,0,1,1173121092.255
0,1,1,0,0,1,1173121093.146
0,91,72,0,0,1,1173121093.156
0,1,1,0,0,1,1173121093.446
0,55,55,0,0,1,1173121093.456
0,1,0,0,0,1,1173121094.348
0,145,0,0,0,1,1173121094.358
1,1,0,0,0,1,1173121095.579
114,105,0,0,0,1,1173121095.579
1,1,0,0,0,1,1173121095.870
57,133,0,0,0,1,1173121095.870
1,0,0,0,0,1,1173121096.340
98,0,0,0,0,1,1173121096.340
0,1,0,0,0,1,1173121096.811
0,68,0,0,0,1,1173121096.821
0,1,0,0,0,1,1173121097.122
0,70,0,0,0,1,1173121097.122
0,0,1,0,0,1,1173121098.23
0,0,69,0,0,1,1173121098.23
1,1,0,0,0,1,1173121098.654
74,111,0,0,0,1,1173121098.664
1,1,0,0,0,1,1173121098.954
108,80,0,0,0,1,1173121098.964
1,1,0,0,0,1,1173121101.147
76,48,0,0,0,1,1173121101.147
1,1,0,0,0,1,1173121101.458
105,78,0,0,0,1,1173121101.468
1,1,0,0,0,1,1173121103.621
83,89,0,0,0,1,1173121103.631
1,1,0,0,0,1,1173121103.931
103,94,0,0,0,1,1173121103.931
1,1,0,0,0,1,1173121106.135
74,62,0,0,0,1,1173121106.135
1,1,0,0,0,1,1173121106.425
107,82,0,0,0,1,1173121106.425
0,0,1,0,0,1,1173121107.366
0,0,85,0,0,1,1173121107.366
0,1,0,0,0,1,1173121107.997
0,85,0,0,0,1,1173121107.997
1,1,0,0,0,1,1173121108.628
75,72,0,0,0,1,1173121108.638
1,1,0,0,0,1,1173121108.929
97,129,0,0,0,1,1173121108.939
0,1,1,0,0,1,1173121111.102
0,131,55,0,0,1,1173121111.112
0,1,1,0,0,1,1173121111.422
0,96,85,0,0,1,1173121111.422
0,0,1,0,0,1,1173121112.363
0,0,103,0,0,1,1173121112.373
0,1,0,0,0,1,1173121113.4
0,104,0,0,0,1,1173121113.4
0,1,0,0,0,1,1173121113.635
0,81,0,0,0,1,1173121113.635
0,1,0,0,0,1,1173121113.936
0,58,0,0,0,1,1173121113.946
0,1,1,0,0,1,1173121114.877
0,109,107,0,0,1,1173121114.877
0,1,1,0,0,1,1173121115.178
0,74,47,0,0,1,1173121115.178
1,1,0,0,0,1,1173121116.940
100,77,0,0,0,1,1173121116.940
1,1,0,0,0,1,1173121118.92
108,133,0,0,0,1,1173121118.102
0,0,1,0,0,1,1173121121.146
0,0,78,0,0,1,1173121121.146
0,0,1,0,0,1,1173121121.487
0,0,131,0,0,1,1173121121.497
1,0,1,0,0,1,1173121121.697
131,0,129,0,0,1,1173121121.697
0,0,1,0,0,1,1173121121.887
0,0,129,0,0,1,1173121121.897
1,0,1,0,0,1,1173121122.128
131,0,129,0,0,1,1173121122.128
1,0,1,0,0,1,1173121122.328
131,0,128,0,0,1,1173121122.328
1,0,1,0,0,1,1173121122.528
131,0,128,0,0,1,1173121122.528
1,0,1,0,0,1,1173121122.758
130,0,129,0,0,1,1173121122.768
1,0,1,0,0,1,1173121122.959
132,0,128,0,0,1,1173121122.969
0,0,1,0,0,1,1173121123.299
0,0,127,0,0,1,1173121123.299
1,0,1,0,0,1,1173121123.499
117,0,99,0,0,1,1173121123.499
0,0,1,0,0,1,1173121123.700
0,0,82,0,0,1,1173121123.740
0,0,1,0,0,1,1173121124.992
0,0,56,0,0,1,1173121124.992
0,0,1,0,0,1,1173121125.562
0,0,84,0,0,1,1173121125.562
1,1,0,0,0,1,1173121128.997
108,80,0,0,0,1,1173121129.7
1,1,0,0,0,1,1173121129.548
100,77,0,0,0,1,1173121129.558
1,0,1,0,0,1,1173121129.779
115,0,95,0,0,1,1173121129.789
1,0,1,0,0,1,1173121131.962
132,0,130,0,0,1,1173121131.962
0,0,1,0,0,1,1173121133.354
0,0,78,0,0,1,1173121133.364
0,0,1,0,0,1,1173121139.132
0,0,131,0,0,1,1173121139.142
0,0,1,0,0,1,1173121139.342
0,0,128,0,0,1,1173121139.352
0,0,1,0,0,1,1173121139.553
0,0,129,0,0,1,1173121139.553
1,0,1,0,0,1,1173121139.743
131,0,129,0,0,1,1173121139.753
1,0,1,0,0,1,1173121139.963
131,0,128,0,0,1,1173121139.963
1,0,1,0,0,1,1173121140.163
131,0,128,0,0,1,1173121140.163
1,0,1,0,0,1,1173121140.364
130,0,130,0,0,1,1173121140.364
1,0,1,0,0,1,1173121140.594
132,0,128,0,0,1,1173121140.604
0,0,1,0,0,1,1173121140.935
0,0,127,0,0,1,1173121140.935
1,0,1,0,0,1,1173121141.125
117,0,99,0,0,1,1173121141.135
0,0,1,0,0,1,1173121141.355
0,0,75,0,0,1,1173121141.355
0,0,1,0,0,1,1173121142.627
0,0,56,0,0,1,1173121142.637
1,1,0,0,0,1,1173121158.510
83,89,0,0,0,1,1173121158.520
1,1,0,0,0,1,1173121178.689
81,85,0,0,0,1,1173121178.689
1,1,0,0,0,1,1173121178.989
101,105,0,0,0,1,1173121178.999
0,1,0,0,0,1,1173121181.162
0,164,0,0,0,1,1173121181.172
1,1,0,0,0,1,1173121181.473
106,75,0,0,0,1,1173121181.483
0,0,1,0,0,1,1173121182.424
0,0,82,0,0,1,1173121182.424
0,1,0,0,0,1,1173121183.55
0,82,0,0,0,1,1173121183.65
1,1,0,0,0,1,1173121183.696
90,90,0,0,0,1,1173121183.696
1,1,0,0,0,1,1173121183.996
95,130,0,0,0,1,1173121183.996
0,1,1,0,0,1,1173121186.170
0,166,54,0,0,1,1173121186.180
0,1,1,0,0,1,1173121186.490
0,99,84,0,0,1,1173121186.490
0,0,1,0,0,1,1173121187.431
0,0,97,0,0,1,1173121187.431
0,1,0,0,0,1,1173121188.62
0,112,0,0,0,1,1173121188.72
0,1,0,0,0,1,1173121188.663
0,147,0,0,0,1,1173121188.673
0,1,0,0,0,1,1173121189.4
0,77,0,0,0,1,1173121189.4
0,0,1,0,0,1,1173121189.905
0,0,51,0,0,1,1173121189.905
0,1,1,0,0,1,1173121190.225
0,68,47,0,0,1,1173121190.225
1,1,0,0,0,1,1173121191.187
97,77,0,0,0,1,1173121191.217
1,1,0,1,1,1,1173123988.489
81,91,0,83,111,1,1173123988.489
1,1,0,1,1,1,1173123988.689
85,99,0,84,95,1,1173123988.699
1,1,0,1,1,1,1173123988.910
90,93,0,84,100,1,1173123988.920
1,1,0,1,1,1,1173123989.150
75,87,0,59,88,1,1173123989.150
1,1,0,1,1,1,1173123989.360
89,94,0,62,109,1,1173123989.370
1,1,0,1,1,1,1173123989.561
86,84,0,67,104,1,1173123989.561
1,1,0,1,1,1,1173123989.791
84,96,0,84,101,1,1173123989.801
1,1,0,1,1,1,1173123990.1
84,99,0,83,101,1,1173123990.1
1,1,0,1,1,1,1173123990.232
87,98,0,69,101,1,1173123990.242
1,1,0,1,1,1,1173123990.422
70,89,0,66,102,1,1173123990.422
1,1,0,1,1,1,1173123990.652
93,75,0,108,96,1,1173123990.652
1,1,0,1,1,1,1173124184.441
81,91,0,83,111,1,1173124184.451
1,1,0,1,1,1,1173124184.621
89,84,0,67,101,1,1173124184.631
1,1,0,1,1,1,1173124184.831
80,91,0,73,107,1,1173124184.831
1,1,0,1,1,1,1173124185.42
82,103,0,73,94,1,1173124185.52
1,1,0,1,1,1,1173124185.242
78,89,0,80,112,1,1173124185.252
1,1,0,1,1,1,1173124185.462
70,82,0,60,102,1,1173124185.472
1,1,0,1,1,1,1173124185.663
87,82,0,62,90,1,1173124185.663
1,1,0,1,1,1,1173124185.873
71,78,0,55,104,1,1173124185.883
1,1,0,1,1,1,1173124186.73
81,103,0,77,100,1,1173124186.113
1,1,0,1,1,1,1173124186.274
89,100,0,70,103,1,1173124186.274
1,1,0,1,1,1,1173124186.474
79,76,0,84,67,1,1173124186.494
1,1,0,1,1,1,1173124186.694
78,87,0,93,83,1,1173124186.704
1,1,0,0,0,1,1173124187.656
81,85,0,0,0,1,1173124187.656
1,1,0,0,0,1,1173124188.236
101,106,0,0,0,1,1173124188.236
0,1,0,0,0,1,1173124190.389
0,166,0,0,0,1,1173124190.399
1,1,0,0,0,1,1173124190.730
106,75,0,0,0,1,1173124190.730
0,0,1,0,0,1,1173124193.3
0,0,82,0,0,1,1173124193.3
1,1,0,1,1,1,1173124373.142
81,91,0,84,112,1,1173124373.152
1,1,0,1,1,1,1173124373.312
78,98,0,79,112,1,1173124373.312
1,1,0,1,1,1,1173124373.543
89,82,0,68,113,1,1173124373.553
1,1,0,1,1,1,1173124373.763
82,91,0,78,107,1,1173124373.773
1,1,0,1,1,1,1173124373.983
78,91,0,72,100,1,1173124373.993
1,1,0,1,1,1,1173124374.224
84,83,0,68,104,1,1173124374.234
1,1,0,1,1,1,1173124374.424
81,91,0,67,90,1,1173124374.424
1,1,0,1,1,1,1173124374.644
86,101,0,82,102,1,1173124374.644
1,1,0,1,1,1,1173124374.885
75,88,0,58,97,1,1173124374.885
1,1,0,1,1,1,1173124375.75
70,88,0,67,102,1,1173124375.75
1,1,0,1,1,1,1173124375.295
82,73,0,82,78,1,1173124375.295
1,1,0,1,1,1,1173124375.496
73,73,0,54,87,1,1173124375.586
1,1,0,0,0,1,1173124377.519
81,85,0,0,0,1,1173124377.529
1,1,0,0,0,1,1173124377.829
101,106,0,0,0,1,1173124377.869
0,1,0,0,0,1,1173124379.962
0,167,0,0,0,1,1173124379.962
1,1,0,0,0,1,1173124380.293
107,76,0,0,0,1,1173124380.303
0,0,1,0,0,1,1173124381.244
0,0,83,0,0,1,1173124381.244
0,1,0,0,0,1,1173124381.885
0,82,0,0,0,1,1173124381.885
0,1,0,0,0,1,1173124382.476
0,173,0,0,0,1,1173124382.486
1,1,0,0,0,1,1173124382.816
95,130,0,0,0,1,1173124382.816
0,1,1,0,0,1,1173124384.979
0,164,55,0,0,1,1173124384.999
0,1,1,0,0,1,1173124385.310
0,99,84,0,0,1,1173124385.310
0,0,1,0,0,1,1173124386.231
0,0,98,0,0,1,1173124386.241
0,1,0,0,0,1,1173124386.872
0,112,0,0,0,1,1173124386.872
0,1,0,0,0,1,1173124387.483
0,147,0,0,0,1,1173124387.493
0,1,0,0,0,1,1173124387.823
0,77,0,0,0,1,1173124387.833
0,0,1,0,0,1,1173124388.715
0,0,51,0,0,1,1173124388.725
0,1,1,0,0,1,1173124389.65
0,69,47,0,0,1,1173124389.65
1,1,0,0,0,1,1173124389.966
98,78,0,0,0,1,1173124389.966
1,1,0,0,0,1,1173124390.287
107,127,0,0,0,1,1173124390.297
0,0,1,0,0,1,1173124391.869
0,0,80,0,0,1,1173124391.869
0,0,1,0,0,1,1173124392.220
0,0,131,0,0,1,1173124392.230
1,0,1,0,0,1,1173124392.430
132,0,129,0,0,1,1173124392.430
0,0,1,0,0,1,1173124392.650
0,0,130,0,0,1,1173124392.650
1,0,1,0,0,1,1173124392.871
132,0,129,0,0,1,1173124392.881
1,0,1,0,0,1,1173124393.71
132,0,129,0,0,1,1173124393.71
1,0,1,0,0,1,1173124393.281
131,0,129,0,0,1,1173124393.291
1,0,1,0,0,1,1173124393.481
131,0,129,0,0,1,1173124393.491
1,1,0,0,0,1,1173124395.134
88,168,0,0,0,1,1173124395.134
1,1,0,0,0,1,1173124395.454
98,72,0,0,0,1,1173124395.454
1,1,0,0,0,1,1173124397.627
80,86,0,0,0,1,1173124397.627
1,1,0,0,0,1,1173124397.908
103,106,0,0,0,1,1173124397.928
1,1,0,0,0,1,1173124400.862
90,165,0,0,0,1,1173124400.862
1,1,0,0,0,1,1173124401.213
106,76,0,0,0,1,1173124401.213
0,0,1,0,0,1,1173124402.124
0,0,82,0,0,1,1173124402.134
0,1,0,0,0,1,1173124402.795
0,82,0,0,0,1,1173124402.795
1,1,0,0,0,1,1173124403.366
84,172,0,0,0,1,1173124403.376
1,1,0,0,0,1,1173124403.696
95,129,0,0,0,1,1173124403.696
0,1,1,0,0,1,1173124408.183
0,165,54,0,0,1,1173124408.243
1,1,0,1,1,1,1173125122.179
498,443,0,445,449,1,1173125122.229
1,1,0,1,1,1,1173125122.390
499,443,0,445,450,1,1173125122.400
1,1,0,1,1,1,1173125122.600
499,444,0,446,450,1,1173125122.600
1,1,0,1,1,1,1173125122.800
499,444,0,445,450,1,1173125122.800
1,1,0,1,1,1,1173125123.0
499,444,0,447,449,1,1173125123.21
1,1,0,1,1,1,1173125123.201
499,444,0,447,448,1,1173125123.201
1,1,0,1,1,1,1173125123.411
499,443,0,446,451,1,1173125123.411
1,1,0,1,1,1,1173125123.611
499,444,0,447,449,1,1173125123.621
1,1,0,1,1,1,1173125123.822
499,444,0,447,450,1,1173125123.822
1,1,0,1,1,1,1173125124.32
498,442,0,447,452,1,1173125124.32
1,1,0,1,1,1,1173125124.232
497,440,0,449,447,1,1173125124.232
1,1,0,1,1,1,1173125124.453
498,442,0,446,451,1,1173125124.463
1,1,0,0,0,1,1173125125.694
348,362,0,0,0,1,1173125125.714
1,1,0,0,0,1,1173125126.25
327,341,0,0,0,1,1173125126.35
1,1,0,0,0,1,1173125126.305
335,341,0,0,0,1,1173125126.335
1,0,0,0,0,1,1173125126.756
328,0,0,0,0,1,1173125126.766
0,1,0,0,0,1,1173125127.237
0,322,0,0,0,1,1173125127.237
0,1,0,0,0,1,1173125127.547
0,316,0,0,0,1,1173125127.557
0,1,1,0,0,1,1173125128.428
0,288,292,0,0,1,1173125128.438
0,1,1,0,0,1,1173125128.779
0,387,389,0,0,1,1173125128.799
1,0,0,0,0,1,1173125129.209
309,0,0,0,0,1,1173125129.219
1,1,0,0,0,1,1173125129.710
351,360,0,0,0,1,1173125129.730
1,1,0,0,0,1,1173125129.960
343,345,0,0,0,1,1173125129.960
0,1,0,0,0,1,1173125130.872
0,288,0,0,0,1,1173125130.882
1,1,0,0,0,1,1173125131.222
361,368,0,0,0,1,1173125131.222
1,0,0,0,0,1,1173125131.673
364,0,0,0,0,1,1173125131.673
0,1,0,0,0,1,1173125132.104
0,316,0,0,0,1,1173125132.114
0,1,0,0,0,1,1173125132.414
0,302,0,0,0,1,1173125132.424
0,1,1,0,0,1,1173125133.335
0,341,357,0,0,1,1173125133.345
1,1,0,0,0,1,1173125133.936
312,317,0,0,0,1,1173125133.946
1,1,0,0,0,1,1173125134.277
365,375,0,0,0,1,1173125134.287
1,1,0,0,0,1,1173125136.450
310,324,0,0,0,1,1173125136.460
0,1,0,0,0,1,1173125136.760
0,289,0,0,0,1,1173125136.770
1,1,0,0,0,1,1173125138.913
299,310,0,0,0,1,1173125138.923
1,1,0,0,0,1,1173125139.244
360,371,0,0,0,1,1173125139.244
1,1,0,0,0,1,1173125142.388
314,322,0,0,0,1,1173125142.388
1,1,0,0,0,1,1173125142.759
364,369,0,0,0,1,1173125142.769
1,1,0,0,0,1,1173125173.994
332,345,0,0,0,1,1173125173.994
1,1,0,0,0,1,1173125174.294
305,310,0,0,0,1,1173125174.294
1,0,0,0,0,1,1173125174.755
298,0,0,0,0,1,1173125174.755
0,1,0,0,0,1,1173125175.226
0,291,0,0,0,1,1173125175.226
0,1,0,0,0,1,1173125175.536
0,286,0,0,0,1,1173125175.536
0,1,1,0,0,1,1173125176.467
0,364,377,0,0,1,1173125176.477
0,1,1,0,0,1,1173125176.768
0,376,379,0,0,1,1173125176.778
1,0,0,0,0,1,1173125177.198
279,0,0,0,0,1,1173125177.198
1,1,0,0,0,1,1173125177.679
330,336,0,0,0,1,1173125177.679
1,1,0,0,0,1,1173125177.960
316,317,0,0,0,1,1173125177.970
1,1,0,0,0,1,1173125182.136
365,375,0,0,0,1,1173125182.186
1,1,0,0,0,1,1173125188.134
296,310,0,0,0,1,1173125188.164
1,1,0,0,0,1,1173125188.455
323,338,0,0,0,1,1173125188.455
1,0,0,0,0,1,1173125188.835
361,0,0,0,0,1,1173125188.845
0,1,0,0,0,1,1173125189.276
0,285,0,0,0,1,1173125189.306
0,1,0,0,0,1,1173125189.566
0,270,0,0,0,1,1173125189.576
0,1,1,0,0,1,1173125190.518
0,315,330,0,0,1,1173125190.538
1,1,0,0,0,1,1173125191.118
282,287,0,0,0,1,1173125191.128
1,1,0,0,0,1,1173125191.439
355,363,0,0,0,1,1173125191.449
1,1,0,0,0,1,1173125193.612
280,293,0,0,0,1,1173125193.622
1,1,0,0,0,1,1173125193.932
364,370,0,0,0,1,1173125193.942
1,0,0,0,0,1,1173125195.635
285,0,0,0,0,1,1173125195.645
1,1,0,0,0,1,1173125196.86
269,278,0,0,0,1,1173125196.96
1,1,0,0,0,1,1173125196.416
345,352,0,0,0,1,1173125196.416
1,1,0,0,0,1,1173125203.376
280,286,0,0,0,1,1173125203.386
1,1,0,0,0,1,1173125203.697
359,365,0,0,0,1,1173125203.697
1,1,0,0,0,1,1173125204.878
375,376,0,0,0,1,1173125204.878
1,1,0,0,0,1,1173125205.259
375,376,0,0,0,1,1173125205.269
1,1,0,0,0,1,1173125207.802
289,297,0,0,0,1,1173125207.812
1,1,0,0,0,1,1173125208.143
374,379,0,0,0,1,1173125208.143
0,1,0,0,0,1,1173125209.665
0,285,0,0,0,1,1173125209.665
1,1,0,0,0,1,1173125210.276
280,286,0,0,0,1,1173125210.276
1,1,0,0,0,1,1173125210.616
359,365,0,0,0,1,1173125210.616
1,1,0,0,0,1,1173125216.345
297,296,0,0,0,1,1173125216.345
1,1,0,0,0,1,1173125216.675
372,370,0,0,0,1,1173125216.675
0,0,1,0,0,1,1173125222.474
0,0,361,0,0,1,1173125222.534
1,1,0,1,1,1,1173125241.10
451,394,0,401,407,1,1173125241.90
1,1,0,1,1,1,1173125241.220
452,394,0,402,409,1,1173125241.230
1,1,0,1,1,1,1173125241.421
451,393,0,402,408,1,1173125241.421
1,1,0,1,1,1,1173125241.631
451,394,0,402,409,1,1173125241.631
1,1,0,1,1,1,1173125241.831
451,393,0,402,409,1,1173125241.831
1,1,0,1,1,1,1173125242.62
452,395,0,403,406,1,1173125242.62
1,1,0,1,1,1,1173125242.252
452,394,0,402,409,1,1173125242.262
1,1,0,1,1,1,1173125242.482
452,396,0,401,407,1,1173125242.492
1,1,0,1,1,1,1173125242.693
451,395,0,402,409,1,1173125242.693
1,1,0,1,1,1,1173125242.913
452,394,0,403,409,1,1173125242.923
1,1,0,1,1,1,1173125243.143
451,393,0,404,405,1,1173125243.143
1,1,0,1,1,1,1173125243.354
451,394,0,405,407,1,1173125243.354
1,1,0,0,0,1,1173125244.435
306,326,0,0,0,1,1173125244.435
1,1,0,0,0,1,1173125247.19
272,283,0,0,0,1,1173125247.29
1,1,0,0,0,1,1173125247.359
358,362,0,0,0,1,1173125247.359
1,0,0,0,0,1,1173125249.62
278,0,0,0,0,1,1173125249.72
1,1,0,0,0,1,1173125249.492
261,267,0,0,0,1,1173125249.492
1,1,0,0,0,1,1173125249.853
336,341,0,0,0,1,1173125249.863
1,1,0,0,0,1,1173125255.481
322,339,0,0,0,1,1173125255.501
1,1,0,0,0,1,1173125257.985
281,287,0,0,0,1,1173125257.995
1,1,0,0,0,1,1173125258.315
368,369,0,0,0,1,1173125258.325
0,1,0,0,0,1,1173125259.847
0,278,0,0,0,1,1173125259.847
1,1,0,0,0,1,1173125260.448
272,275,0,0,0,1,1173125260.458
1,1,0,0,0,1,1173125260.789
350,354,0,0,0,1,1173125260.789
1,1,0,0,0,1,1173125262.952
288,286,0,0,0,1,1173125262.952
1,1,0,0,0,1,1173125263.312
363,361,0,0,0,1,1173125263.312
0,0,1,0,0,1,1173125264.224
0,0,352,0,0,1,1173125264.244
0,1,0,0,0,1,1173125264.854
0,262,0,0,0,1,1173125264.854
1,0,0,0,0,1,1173125265.55
309,0,0,0,0,1,1173125265.55
1,1,0,0,0,1,1173125265.455
281,288,0,0,0,1,1173125265.455
1,1,0,0,0,1,1173125265.796
368,374,0,0,0,1,1173125265.806
0,1,1,0,0,1,1173125267.979
0,307,306,0,0,1,1173125267.979
0,0,1,0,0,1,1173125268.259
0,0,260,0,0,1,1173125268.269
0,0,1,0,0,1,1173125269.231
0,0,374,0,0,1,1173125269.241
0,1,0,0,0,1,1173125269.832
0,272,0,0,0,1,1173125269.842
1,0,0,0,0,1,1173125270.32
424,0,0,0,0,1,1173125270.42
0,1,0,0,0,1,1173125270.453
0,308,0,0,0,1,1173125270.463
0,1,0,0,0,1,1173125270.753
0,272,0,0,0,1,1173125270.753
0,1,1,0,0,1,1173125271.704
0,278,283,0,0,1,1173125271.704
0,1,1,0,0,1,1173125272.55
0,365,374,0,0,1,1173125272.55
1,1,0,0,0,1,1173125272.966
374,372,0,0,0,1,1173125272.966
1,1,0,0,0,1,1173125273.267
332,332,0,0,0,1,1173125273.307
0,0,1,0,0,1,1173125274.218
0,0,278,0,0,1,1173125274.218
0,0,1,0,0,1,1173125274.829
0,0,270,0,0,1,1173125274.829
0,0,1,0,0,1,1173125275.59
0,0,317,0,0,1,1173125275.69
1,0,1,0,0,1,1173125275.269
263,0,362,0,0,1,1173125275.289
1,0,1,0,0,1,1173125275.470
321,0,458,0,0,1,1173125275.480
1,0,1,0,0,1,1173125275.710
302,0,420,0,0,1,1173125275.710
1,1,0,1,1,1,1173125692.559
403,362,0,361,366,1,1173125692.569
1,1,0,1,1,1,1173125692.760
403,362,0,363,367,1,1173125692.780
1,1,0,1,1,1,1173125692.960
403,362,0,362,367,1,1173125692.960
1,1,0,1,1,1,1173125693.160
403,361,0,362,368,1,1173125693.170
1,1,0,1,1,1,1173125693.361
403,361,0,361,369,1,1173125693.371
1,1,0,1,1,1,1173125693.591
404,362,0,362,367,1,1173125693.591
1,1,0,1,1,1,1173125693.821
404,362,0,363,368,1,1173125693.821
1,1,0,1,1,1,1173125694.132
403,360,0,362,369,1,1173125694.132
1,1,0,1,1,1,1173125694.332
404,362,0,363,368,1,1173125694.342
1,1,0,1,1,1,1173125694.532
404,361,0,364,369,1,1173125694.562
1,1,0,1,1,1,1173125694.743
403,362,0,361,368,1,1173125694.753
1,1,0,0,0,1,1173125695.384
325,325,0,0,0,1,1173125695.384
1,1,0,0,0,1,1173125697.967
244,248,0,0,0,1,1173125697.967
1,1,0,0,0,1,1173125698.318
335,337,0,0,0,1,1173125698.328
0,0,1,0,0,1,1173125699.239
0,0,235,0,0,1,1173125699.239
0,1,0,0,0,1,1173125699.890
0,244,0,0,0,1,1173125699.900
0,1,0,0,0,1,1173125700.441
0,233,0,0,0,1,1173125700.451
1,1,0,0,0,1,1173125700.771
311,314,0,0,0,1,1173125700.771
1,1,0,0,0,1,1173125702.984
247,249,0,0,0,1,1173125702.984
1,1,0,0,0,1,1173125703.285
323,323,0,0,0,1,1173125703.285
0,0,1,0,0,1,1173125704.206
0,0,310,0,0,1,1173125704.206
0,1,0,0,0,1,1173125704.837
0,336,0,0,0,1,1173125704.837
1,0,0,0,0,1,1173125705.47
295,0,0,0,0,1,1173125705.57
1,1,0,0,0,1,1173125705.448
242,247,0,0,0,1,1173125705.458
1,1,0,0,0,1,1173125705.799
331,336,0,0,0,1,1173125705.809
1,1,0,0,0,1,1173125707.611
341,344,0,0,0,1,1173125707.611
0,1,0,0,0,1,1173125707.962
0,263,0,0,0,1,1173125707.992
1,0,0,0,0,1,1173125708.783
283,0,0,0,0,1,1173125708.823
1,1,0,0,0,1,1173125709.143
235,239,0,0,0,1,1173125709.143
1,1,0,0,0,1,1173125709.474
321,324,0,0,0,1,1173125709.494
1,1,0,0,0,1,1173125710.746
248,251,0,0,0,1,1173125710.766
1,1,0,0,0,1,1173125711.156
341,344,0,0,0,1,1173125711.156
1,1,0,0,0,1,1173125711.467
292,302,0,0,0,1,1173125711.487
0,0,1,0,0,1,1173125712.378
0,0,244,0,0,1,1173125712.378
0,1,0,0,0,1,1173125712.979
0,263,0,0,0,1,1173125712.989
1,1,0,0,0,1,1173125713.590
235,239,0,0,0,1,1173125713.600
1,1,0,0,0,1,1173125713.910
321,324,0,0,0,1,1173125713.910
1,1,0,0,0,1,1173125716.113
250,251,0,0,0,1,1173125716.113
1,1,0,0,0,1,1173125716.424
335,331,0,0,0,1,1173125716.424
0,0,1,0,0,1,1173125717.345
0,0,318,0,0,1,1173125717.355
0,1,0,0,0,1,1173125717.996
0,343,0,0,0,1,1173125717.996
1,1,0,0,0,1,1173125718.587
248,252,0,0,0,1,1173125718.597
1,1,0,0,0,1,1173125718.907
346,349,0,0,0,1,1173125718.907
0,0,1,0,0,1,1173125719.238
0,0,312,0,0,1,1173125719.248
1,1,0,1,0,1,1173125720.560
254,253,0,258,0,1,1173125720.570
1,1,0,1,0,1,1173125720.950
379,381,0,379,0,1,1173125720.990
1,1,0,0,0,1,1173125721.281
350,348,0,0,0,1,1173125721.291
0,1,0,0,0,1,1173125721.551
0,247,0,0,0,1,1173125721.561
0,0,1,0,0,1,1173125722.122
0,0,241,0,0,1,1173125722.122
0,0,1,0,0,1,1173125722.382
0,0,273,0,0,1,1173125722.392
0,0,0,1,0,1,1173125722.593
0,0,0,313,0,1,1173125722.603
1,0,0,0,0,1,1173125722.923
311,0,0,0,0,1,1173125722.923
0,1,0,0,0,1,1173125723.294
0,257,0,0,0,1,1173125723.314
1,1,0,0,0,1,1173125723.694
330,329,0,0,0,1,1173125723.694
0,0,1,0,0,1,1173125724.15
0,0,286,0,0,1,1173125724.35
0,0,0,1,0,1,1173125724.225
0,0,0,243,0,1,1173125724.235
0,0,0,1,0,1,1173125724.656
0,0,0,266,0,1,1173125724.656
0,1,0,0,0,1,1173125724.956
0,244,0,0,0,1,1173125724.956
0,0,1,0,0,1,1173125725.687
0,0,249,0,0,1,1173125725.697
1,1,0,1,0,1,1173125725.907
379,387,0,351,0,1,1173125725.907
1,1,0,0,0,1,1173125726.198
338,334,0,0,0,1,1173125726.208
0,0,0,1,0,1,1173125726.438
0,0,0,326,0,1,1173125726.448
0,0,1,0,0,1,1173125727.129
0,0,324,0,0,1,1173125727.129
0,0,1,0,0,1,1173125727.380
0,0,239,0,0,1,1173125727.380
0,0,0,1,0,1,1173125727.610
0,0,0,326,0,1,1173125727.620
1,0,0,0,0,1,1173125727.890
306,0,0,0,0,1,1173125727.900
0,0,0,1,0,1,1173125728.91
0,0,0,257,0,1,1173125728.101
1,1,0,0,0,1,1173125728.361
248,252,0,0,0,1,1173125728.371
1,1,0,0,0,1,1173125728.711
342,344,0,0,0,1,1173125728.721
1,1,0,1,1,1,1173131473.552
403,361,0,362,364,1,1173131473.652
1,1,0,1,1,1,1173131473.782
404,362,0,361,366,1,1173131473.792
1,1,0,1,1,1,1173131473.993
403,363,0,361,366,1,1173131474.3
1,1,0,1,1,1,1173131474.193
403,362,0,362,366,1,1173131474.193
1,1,0,1,1,1,1173131474.433
403,363,0,362,366,1,1173131474.433
1,1,0,1,1,1,1173131474.634
403,363,0,363,364,1,1173131474.634
1,1,0,1,1,1,1173131474.834
404,363,0,361,367,1,1173131474.834
1,1,0,1,1,1,1173131475.64
404,362,0,362,367,1,1173131475.74
1,1,0,1,1,1,1173131475.275
403,363,0,362,367,1,1173131475.285
1,1,0,1,1,1,1173131475.485
403,360,0,362,365,1,1173131475.485
1,1,0,1,1,1,1173131475.695
403,360,0,363,367,1,1173131475.695
1,1,0,1,1,1,1173131475.895
403,360,0,362,366,1,1173131475.895
1,0,0,0,0,1,1173131477.348
278,0,0,0,0,1,1173131477.348
1,0,0,0,0,1,1173131477.678
270,0,0,0,0,1,1173131477.688
1,0,0,0,0,1,1173131479.871
287,0,0,0,0,1,1173131479.871
1,0,0,0,0,1,1173131480.172
271,0,0,0,0,1,1173131480.182
1,0,0,0,0,1,1173131482.345
297,0,0,0,0,1,1173131482.355
1,0,0,0,0,1,1173131482.645
259,0,0,0,0,1,1173131482.655
1,0,0,0,0,1,1173131484.848
295,0,0,0,0,1,1173131484.848
1,0,0,0,0,1,1173131485.139
266,0,0,0,0,1,1173131485.139
0,0,1,0,0,1,1173131486.80
0,0,309,0,0,1,1173131486.90
1,0,0,0,0,1,1173131486.851
247,0,0,0,0,1,1173131486.861
1,0,0,0,0,1,1173131487.352
289,0,0,0,0,1,1173131487.362
1,0,0,0,0,1,1173131487.652
270,0,0,0,0,1,1173131487.652
0,0,1,0,0,1,1173131489.816
0,0,270,0,0,1,1173131489.826
0,0,1,0,0,1,1173131490.136
0,0,346,0,0,1,1173131490.146
0,0,1,0,0,1,1173131491.77
0,0,342,0,0,1,1173131491.77
1,0,0,0,0,1,1173131491.858
300,0,0,0,0,1,1173131491.858
0,0,1,0,0,1,1173131493.561
0,0,246,0,0,1,1173131493.561
0,0,1,0,0,1,1173131493.891
0,0,341,0,0,1,1173131493.901
1,0,0,0,0,1,1173131494.823
317,0,0,0,0,1,1173131494.833
1,0,0,0,0,1,1173131495.123
277,0,0,0,0,1,1173131495.133
0,0,1,0,0,1,1173131496.95
0,0,233,0,0,1,1173131496.95
0,0,1,0,0,1,1173131496.425
0,0,237,0,0,1,1173131496.435
0,0,1,0,0,1,1173131496.725
0,0,302,0,0,1,1173131496.735
0,0,1,0,0,1,1173131497.66
0,0,276,0,0,1,1173131497.66
0,0,1,0,0,1,1173131497.286
0,0,388,0,0,1,1173131497.286
0,0,1,0,0,1,1173131497.487
0,0,337,0,0,1,1173131497.497
0,0,1,0,0,1,1173131497.697
0,0,356,0,0,1,1173131497.697
1,0,1,0,0,1,1173131497.927
255,0,351,0,0,1,1173131497.927
0,0,1,0,0,1,1173131498.147
0,0,317,0,0,1,1173131498.158
1,0,1,0,0,1,1173131498.358
247,0,401,0,0,1,1173131498.358
1,0,1,0,0,1,1173131498.558
241,0,354,0,0,1,1173131498.558
0,0,1,0,0,1,1173131498.828
0,0,238,0,0,1,1173131498.828
0,0,1,0,0,1,1173131499.29
0,0,398,0,0,1,1173131499.39
0,0,1,0,0,1,1173131499.229
0,0,324,0,0,1,1173131499.229
0,0,1,0,0,1,1173131499.459
0,0,244,0,0,1,1173131499.469
0,0,1,0,0,1,1173131499.670
0,0,287,0,0,1,1173131499.670
0,0,1,0,0,1,1173131499.880
0,0,266,0,0,1,1173131499.890
0,0,1,0,0,1,1173131500.531
0,0,250,0,0,1,1173131500.531
0,0,1,0,0,1,1173131500.881
0,0,247,0,0,1,1173131500.881
0,0,1,0,0,1,1173131501.102
0,0,258,0,0,1,1173131501.112
0,0,1,0,0,1,1173131501.332
0,0,284,0,0,1,1173131501.332
0,0,1,0,0,1,1173131501.532
0,0,260,0,0,1,1173131501.532
0,0,1,0,0,1,1173131501.893
0,0,252,0,0,1,1173131501.903
0,0,1,0,0,1,1173131502.123
0,0,242,0,0,1,1173131502.123
0,0,1,0,0,1,1173131502.323
0,0,263,0,0,1,1173131502.323
1,0,0,0,0,1,1173131505.288
246,0,0,0,0,1,1173131505.288
1,0,0,0,0,1,1173131505.688
239,0,0,0,0,1,1173131505.688
1,1,0,0,0,1,1173131505.989
344,314,0,0,0,1,1173131505.999
1,1,0,0,0,1,1173131506.299
290,274,0,0,0,1,1173131506.299
1,1,0,0,0,1,1173131507.241
351,324,0,0,0,1,1173131507.241
1,1,0,0,0,1,1173131507.541
335,308,0,0,0,1,1173131507.541
1,0,0,0,0,1,1173131508.12
354,0,0,0,0,1,1173131508.12
0,1,0,0,0,1,1173131508.442
0,237,0,0,0,1,1173131508.442
0,1,0,0,0,1,1173131508.773
0,346,0,0,0,1,1173131508.783
0,1,1,0,0,1,1173131509.684
0,267,303,0,0,1,1173131509.684
1,1,0,0,0,1,1173131510.285
260,237,0,0,0,1,1173131510.285
1,1,0,0,0,1,1173131510.615
344,314,0,0,0,1,1173131510.625
1,1,0,0,0,1,1173131512.779
254,236,0,0,0,1,1173131512.789
1,1,0,0,0,1,1173131513.109
352,330,0,0,0,1,1173131513.119
0,0,1,0,0,1,1173131514.10
0,0,246,0,0,1,1173131514.20
0,1,0,0,0,1,1173131514.651
0,266,0,0,0,1,1173131514.651
1,0,0,0,0,1,1173131514.852
246,0,0,0,0,1,1173131514.852
1,0,0,0,0,1,1173131515.252
239,0,0,0,0,1,1173131515.252
1,1,0,0,0,1,1173131515.583
333,306,0,0,0,1,1173131515.583
1,1,0,0,0,1,1173131517.756
259,240,0,0,0,1,1173131517.756
1,1,0,0,0,1,1173131518.86
342,311,0,0,0,1,1173131518.96
0,0,1,0,0,1,1173131519.17
0,0,330,0,0,1,1173131519.17
0,1,0,0,0,1,1173131519.658
0,330,0,0,0,1,1173131519.658
1,0,0,0,0,1,1173131519.859
308,0,0,0,0,1,1173131519.859
1,1,0,0,0,1,1173131520.259
254,238,0,0,0,1,1173131520.259
1,1,0,0,0,1,1173131520.590
347,317,0,0,0,1,1173131520.590
0,1,1,0,0,1,1173131522.753
0,256,290,0,0,1,1173131522.753
0,1,1,0,0,1,1173131523.93
0,323,368,0,0,1,1173131523.93
0,0,1,0,0,1,1173131524.15
0,0,361,0,0,1,1173131524.15
0,1,0,0,0,1,1173131524.656
0,344,0,0,0,1,1173131524.666
1,0,0,0,0,1,1173131524.856
284,0,0,0,0,1,1173131524.866
0,1,0,0,0,1,1173131525.256
0,267,0,0,0,1,1173131525.266
0,1,0,0,0,1,1173131525.597
0,343,0,0,0,1,1173131525.597
0,1,1,0,0,1,1173131526.498
0,235,268,0,0,1,1173131526.498
0,1,1,0,0,1,1173131526.829
0,316,362,0,0,1,1173131526.839
1,1,0,0,0,1,1173131527.770
357,318,0,0,0,1,1173131527.770
1,1,0,0,0,1,1173131528.71
306,282,0,0,0,1,1173131528.71
1,0,1,0,0,1,1173131528.992
244,0,291,0,0,1,1173131529.2
0,0,1,0,0,1,1173131529.232
0,0,243,0,0,1,1173131529.232
0,0,1,0,0,1,1173131529.603
0,0,244,0,0,1,1173131529.603
0,0,1,0,0,1,1173131529.803
0,0,274,0,0,1,1173131529.803
1,0,1,0,0,1,1173131529.993
253,0,381,0,0,1,1173131530.3
1,0,1,0,0,1,1173131530.204
257,0,450,0,0,1,1173131530.204
1,0,1,0,0,1,1173131530.404
240,0,411,0,0,1,1173131530.404
1,0,1,0,0,1,1173131530.604
280,0,417,0,0,1,1173131530.604
1,0,1,0,0,1,1173131530.834
284,0,388,0,0,1,1173131530.845
1,0,1,0,0,1,1173131531.35
294,0,410,0,0,1,1173131531.35
1,0,1,0,0,1,1173131531.265
295,0,428,0,0,1,1173131531.275
1,0,1,0,0,1,1173131531.505
302,0,426,0,0,1,1173131531.505
0,0,1,0,0,1,1173131531.706
0,0,346,0,0,1,1173131531.706
1,0,1,0,0,1,1173131531.926
311,0,454,0,0,1,1173131531.936
1,0,1,0,0,1,1173131532.166
316,0,433,0,0,1,1173131532.166
0,0,1,0,0,1,1173131532.367
0,0,347,0,0,1,1173131532.367
0,0,1,0,0,1,1173131532.587
0,0,356,0,0,1,1173131532.597
0,0,1,0,0,1,1173131532.797
0,0,326,0,0,1,1173131532.797
0,0,1,0,0,1,1173131532.998
0,0,260,0,0,1,1173131533.8
0,0,1,0,0,1,1173131533.198
0,0,284,0,0,1,1173131533.208
0,0,1,0,0,1,1173131533.398
0,0,319,0,0,1,1173131533.408
0,0,1,0,0,1,1173131533.598
0,0,329,0,0,1,1173131533.608
0,0,1,0,0,1,1173131533.799
0,0,282,0,0,1,1173131533.809
0,0,1,0,0,1,1173131533.999
0,0,349,0,0,1,1173131534.9
0,0,1,0,0,1,1173131534.239
0,0,328,0,0,1,1173131534.239
0,0,1,0,0,1,1173131534.460
0,0,346,0,0,1,1173131534.460
0,0,1,0,0,1,1173131534.660
0,0,260,0,0,1,1173131534.660
0,0,1,0,0,1,1173131534.890
0,0,246,0,0,1,1173131534.890
0,0,1,0,0,1,1173131535.111
0,0,329,0,0,1,1173131535.121
0,0,1,0,0,1,1173131535.301
0,0,330,0,0,1,1173131535.311
0,1,1,0,0,1,1173131539.277
0,267,301,0,0,1,1173131539.287
0,1,1,0,0,1,1173131539.607
0,325,370,0,0,1,1173131539.617
0,1,1,0,0,1,1173131539.918
0,265,299,0,0,1,1173131539.918
0,0,1,0,0,1,1173131540.198
0,0,247,0,0,1,1173131540.208
0,1,1,0,0,1,1173131540.538
0,267,306,0,0,1,1173131540.538
0,0,1,0,0,1,1173131540.839
0,0,237,0,0,1,1173131540.849
0,1,1,0,0,1,1173131541.179
0,262,300,0,0,1,1173131541.179
0,0,1,0,0,1,1173131541.480
0,0,233,0,0,1,1173131541.480
1,1,0,0,0,1,1173131541.810
282,263,0,0,0,1,1173131541.820
1,1,0,0,0,1,1173131542.151
344,318,0,0,0,1,1173131542.151
1,1,0,0,0,1,1173131543.82
270,252,0,0,0,1,1173131543.82
1,1,0,0,0,1,1173131543.403
339,312,0,0,0,1,1173131543.403
1,0,0,0,0,1,1173131543.883
298,0,0,0,0,1,1173131543.883
0,1,0,0,0,1,1173131544.344
0,234,0,0,0,1,1173131544.354
0,1,0,0,0,1,1173131544.684
0,320,0,0,0,1,1173131544.684
0,1,1,0,0,1,1173131545.616
0,316,356,0,0,1,1173131545.616
0,1,1,0,0,1,1173131545.916
0,265,309,0,0,1,1173131545.916
1,1,0,0,0,1,1173131546.848
280,260,0,0,0,1,1173131546.858
1,1,0,0,0,1,1173131547.188
352,319,0,0,0,1,1173131547.188
1,1,0,0,0,1,1173131548.119
347,315,0,0,0,1,1173131548.129
1,1,0,0,0,1,1173131548.410
288,267,0,0,0,1,1173131548.420
1,0,0,0,0,1,1173131548.890
285,0,0,0,0,1,1173131548.890
0,1,0,0,0,1,1173131549.341
0,264,0,0,0,1,1173131549.341
0,1,0,0,0,1,1173131549.682
0,346,0,0,0,1,1173131549.692
0,1,1,0,0,1,1173131550.623
0,258,301,0,0,1,1173131550.623
1,0,0,0,0,1,1173131551.254
238,0,0,0,0,1,1173131551.264
1,0,0,0,0,1,1173131551.554
244,0,0,0,0,1,1173131551.554
1,0,0,0,0,1,1173131552.526
277,0,0,0,0,1,1173131552.526
1,1,0,0,0,1,1173131553.787
320,291,0,0,0,1,1173131553.787
1,1,0,0,0,1,1173131554.88
253,235,0,0,0,1,1173131554.98
0,0,1,0,0,1,1173131555.59
0,0,303,0,0,1,1173131555.59
1,0,0,0,0,1,1173131555.820
237,0,0,0,0,1,1173131555.830
1,1,0,0,0,1,1173131556.331
357,325,0,0,0,1,1173131556.331
1,1,0,0,0,1,1173131556.622
298,276,0,0,0,1,1173131556.632
1,1,0,0,0,1,1173131558.825
267,246,0,0,0,1,1173131558.825
1,1,0,0,0,1,1173131559.155
341,311,0,0,0,1,1173131559.165
0,0,1,0,0,1,1173131560.97
0,0,270,0,0,1,1173131560.97
1,0,0,0,0,1,1173131560.898
282,0,0,0,0,1,1173131560.898
1,1,0,0,0,1,1173131561.368
307,282,0,0,0,1,1173131561.368
1,0,0,0,0,1,1173131561.669
240,0,0,0,0,1,1173131561.669
0,1,1,0,0,1,1173131563.892
0,316,365,0,0,1,1173131563.892
0,1,1,0,0,1,1173131564.202
0,259,295,0,0,1,1173131564.202
0,0,1,0,0,1,1173131565.124
0,0,241,0,0,1,1173131565.134
0,1,0,0,0,1,1173131565.805
0,347,0,0,0,1,1173131565.805
0,1,0,0,0,1,1173131566.426
0,350,0,0,0,1,1173131566.426
0,1,0,0,0,1,1173131566.726
0,295,0,0,0,1,1173131566.726
0,1,1,0,0,1,1173131567.667
0,252,286,0,0,1,1173131567.687
0,1,1,0,0,1,1173131567.988
0,313,358,0,0,1,1173131567.998
0,0,0,1,0,1,1173131568.228
0,0,0,238,0,1,1173131568.228
1,1,0,0,0,1,1173131568.939
295,288,0,0,0,1,1173131568.939
0,0,0,1,0,1,1173131569.590
0,0,0,234,0,1,1173131569.590
0,0,1,0,0,1,1173131569.861
0,0,262,0,0,1,1173131569.861
0,0,1,0,0,1,1173131570.391
0,0,371,0,0,1,1173131570.391
0,0,0,1,0,1,1173131570.832
0,0,0,238,0,1,1173131570.832
0,1,0,0,0,1,1173131571.52
0,293,0,0,0,1,1173131571.52
0,0,0,1,0,1,1173131571.283
0,0,0,279,0,1,1173131571.283
0,1,0,0,0,1,1173131571.583
0,260,0,0,0,1,1173131571.593
0,1,0,0,0,1,1173131571.924
0,240,0,0,0,1,1173131571.924
0,0,1,0,0,1,1173131572.294
0,0,268,0,0,1,1173131572.294
0,0,0,1,0,1,1173131572.494
0,0,0,250,0,1,1173131572.494
0,1,1,0,0,1,1173131572.865
0,261,278,0,0,1,1173131572.865
0,0,1,0,0,1,1173131573.165
0,0,238,0,0,1,1173131573.175
0,0,1,0,0,1,1173131573.956
0,0,246,0,0,1,1173131573.956
1,1,0,1,0,1,1173131574.167
338,341,0,394,0,1,1173131574.167
1,1,0,0,0,1,1173131574.417
311,299,0,0,0,1,1173131574.427
0,0,0,1,0,1,1173131574.627
0,0,0,273,0,1,1173131574.627
1,0,1,0,0,1,1173131575.369
262,0,310,0,0,1,1173131575.369
0,0,1,0,0,1,1173131575.579
0,0,287,0,0,1,1173131575.579
0,0,1,0,0,1,1173131575.779
0,0,258,0,0,1,1173131575.779
1,0,1,0,0,1,1173131575.989
256,0,301,0,0,1,1173131575.989
0,0,1,0,0,1,1173131576.190
0,0,315,0,0,1,1173131576.190
1,0,1,0,0,1,1173131576.390
302,0,397,0,0,1,1173131576.400
1,0,1,0,0,1,1173131576.620
302,0,452,0,0,1,1173131576.630
1,0,1,0,0,1,1173131576.821
286,0,408,0,0,1,1173131576.831
1,0,1,0,0,1,1173131577.61
326,0,438,0,0,1,1173131577.61
1,0,1,0,0,1,1173131577.291
359,0,437,0,0,1,1173131577.291
1,0,1,1,0,1,1173131577.492
308,0,443,296,0,1,1173131577.492
1,0,1,0,0,1,1173131577.722
307,0,392,0,0,1,1173131577.732
1,0,1,1,0,1,1173131577.932
355,0,400,300,0,1,1173131577.932
0,0,1,0,0,1,1173131578.133
0,0,401,0,0,1,1173131578.153
1,0,1,0,0,1,1173131578.353
421,0,463,0,0,1,1173131578.353
1,0,1,0,0,1,1173131578.553
329,0,430,0,0,1,1173131578.553
0,0,1,0,0,1,1173131578.753
0,0,359,0,0,1,1173131578.753
1,0,1,0,0,1,1173131578.964
253,0,393,0,0,1,1173131578.964
0,0,1,1,0,1,1173131579.174
0,0,365,283,0,1,1173131579.174
1,0,1,0,0,1,1173131579.364
241,0,301,0,0,1,1173131579.364
1,0,1,0,0,1,1173131579.565
252,0,334,0,0,1,1173131579.565
0,0,1,0,0,1,1173131579.765
0,0,348,0,0,1,1173131579.765
0,0,1,0,0,1,1173131579.995
0,0,363,0,0,1,1173131579.995
1,0,1,0,0,1,1173131580.195
241,0,356,0,0,1,1173131580.195
0,0,1,0,0,1,1173131580.396
0,0,374,0,0,1,1173131580.406
1,0,1,0,0,1,1173131580.596
240,0,348,0,0,1,1173131580.596
0,0,1,0,0,1,1173131580.796
0,0,369,0,0,1,1173131580.796
1,0,1,0,0,1,1173131580.997
235,0,293,0,0,1,1173131581.7
1,0,1,0,0,1,1173131581.197
274,0,356,0,0,1,1173131581.207
0,0,1,0,0,1,1173131581.397
0,0,347,0,0,1,1173131581.407
0,0,1,0,0,1,1173131581.638
0,0,297,0,0,1,1173131581.638
0,0,1,0,0,1,1173131581.838
0,0,248,0,0,1,1173131581.838
0,0,1,0,0,1,1173131586.84
0,0,291,0,0,1,1173131586.84
0,1,1,0,0,1,1173131586.414
0,233,358,0,0,1,1173131586.414
0,0,1,0,0,1,1173131586.715
0,0,290,0,0,1,1173131586.715
0,1,1,0,0,1,1173131587.45
0,244,360,0,0,1,1173131587.55
0,0,1,0,0,1,1173131587.346
0,0,291,0,0,1,1173131587.356
0,1,1,0,0,1,1173131587.686
0,240,356,0,0,1,1173131587.706
0,0,1,0,0,1,1173131587.987
0,0,282,0,0,1,1173131587.987
0,1,1,0,0,1,1173131588.307
0,239,350,0,0,1,1173131588.307
1,0,0,0,0,1,1173131588.608
269,0,0,0,0,1,1173131588.618
1,1,0,0,0,1,1173131588.938
329,236,0,0,0,1,1173131588.948
1,1,0,1,1,1,1173207551.716
403,361,0,362,364,1,1173207551.726
1,1,0,1,1,1,1173207551.956
403,363,0,362,366,1,1173207551.956
1,1,0,1,1,1,1173207552.187
403,361,0,362,367,1,1173207552.187
1,1,0,1,1,1,1173207552.387
403,363,0,362,367,1,1173207552.387
1,1,0,1,1,1,1173207552.607
403,360,0,362,363,1,1173207552.607
1,1,0,1,1,1,1173207552.797
403,361,0,362,367,1,1173207552.807
1,1,0,1,1,1,1173207552.998
403,362,0,362,366,1,1173207553.8
1,1,0,1,1,1,1173207553.198
403,360,0,362,367,1,1173207553.208
1,1,0,1,1,1,1173207553.398
404,361,0,363,369,1,1173207553.408
1,1,0,1,1,1,1173207553.599
403,361,0,362,366,1,1173207553.609
1,1,0,1,1,1,1173207553.819
403,361,0,363,365,1,1173207553.839
1,1,0,1,1,1,1173207554.39
403,362,0,362,367,1,1173207554.49
